459,0x55e1cacfb2a0
557,0x55e1cacfb4c0
585,0x55e1cacfb4f0
2615,0x55e1cacfb960
4453,0x55e1cacfb9c0
6350,0x55e1cacfba20
6373,0x55e1cacfba80
6382,0x55e1cacfbaa0
6393,(nil)
6403,(nil)
6412,0x1
6421,0x1
6431,0x55e1cacfba80
6441,0x55e1cacfbaa0
6451,0x55e1cacfbaa0
6460,0x55e1cacfba80
6469,(nil)
6479,(nil)
6490,0x1
6500,0x1
6509,0x2
6518,0x2
6527,(nil)
6537,(nil)
6547,0x2
6556,0x2
6565,0x1
6574,0x1
6583,0x55e1cacfbaa0
6592,0x55e1cacfba80
6601,0x55e1cacfba80
6610,0x55e1cacfbaa0
6620,0x3
6630,0x3
6639,0x4
6648,0x4
6658,0x55e1cacfba80
6666,0x55e1cacfbaa0
6676,0x55e1cacfbaa0
6686,0x55e1cacfba80
6694,(nil)
6704,(nil)
6713,0x2
6722,0x2
6731,0x1
6740,0x1
6749,0x3
6757,0x3
6768,0x4
6778,0x4
6788,0x3
6798,0x3
6807,(nil)
6816,(nil)
6825,0x2
6834,0x2
6844,0x4
6853,0x4
6862,0x1
6872,0x1
6881,0x55e1cacfbaa0
6890,0x55e1cacfba80
6899,0x55e1cacfba80
6908,0x55e1cacfbaa0
6917,0x5
6926,0x5
6936,0x6
6946,0x6
6955,0x6
6964,0x6
6973,0x5
6983,0x5
6992,0x55e1cacfba80
7001,0x55e1cacfbaa0
7010,0x55e1cacfbaa0
7019,0x55e1cacfba80
7028,0x6
7038,0x6
7047,0x5
7057,0x5
7066,0x7
7074,0x7
7083,0x6
7092,0x6
7102,0x7
7111,0x7
7120,0x5
7129,0x5
7139,0x55e1cacfbaa0
7148,0x55e1cacfba80
7157,0x55e1cacfba80
7166,0x55e1cacfbaa0
7175,0x8
7185,0x8
7194,0x9
7202,0x9
7212,0x55e1cacfba80
7222,0x55e1cacfbaa0
7231,0x55e1cacfbaa0
7241,0x55e1cacfba80
7250,0x6
7259,0x6
7269,0x7
7278,0x7
7287,0x5
7296,0x5
7305,0x8
7314,0x8
7323,0x9
7332,0x9
7342,0x8
7351,0x8
7360,0x6
7368,0x6
7377,0x7
7386,0x7
7395,0x9
7404,0x9
7413,0x5
7422,0x5
7433,0x55e1cacfbaa0
7442,0x55e1cacfba80
7451,0x55e1cacfba80
7460,0x55e1cacfbaa0
7468,0x3
7477,0x3
7486,(nil)
7495,(nil)
7504,0x2
7514,0x2
7523,0x4
7548,0x4
7558,0x1
7567,0x1
7576,0x8
7585,0x8
7594,0x6
7604,0x6
7613,0x7
7621,0x7
7630,0x9
7639,0x9
7648,0x5
7657,0x5
7667,0x3
7676,0x3
7685,(nil)
7695,(nil)
7704,0x8
7712,0x8
7721,0x6
7730,0x6
7739,0x2
7748,0x2
7757,0x7
7766,0x7
7775,0x9
7784,0x9
7794,0x5
7803,0x5
7812,0x4
7821,0x4
7830,0x1
7839,0x1
7847,0x55e1cacfba80
7856,0x55e1cacfbaa0
7866,0x55e1cacfbaa0
7875,0x55e1cacfba80
7884,0xa
7893,0xa
7902,0xb
7911,0xb
7920,0x55e1cacfbaa0
7928,0x55e1cacfba80
7937,0x55e1cacfba80
7954,0x55e1cacfbaa0
7967,0xa
7977,0xa
7985,0xb
7995,0xb
8004,0xc
8013,0xc
8022,0x55e1cacfba80
8032,0x55e1cacfbaa0
8042,0x55e1cacfbaa0
8051,0x55e1cacfba80
8060,0xd
8069,0xd
8079,0xe
8088,0xe
8098,0xe
8106,0xe
8116,0xd
8124,0xd
8133,0x55e1cacfbaa0
8142,0x55e1cacfba80
8151,0x55e1cacfba80
8162,0x55e1cacfbaa0
8171,0xa
8180,0xa
8189,0xb
8198,0xb
8207,0xc
8216,0xc
8225,0xe
8234,0xe
8244,0xd
8252,0xd
8262,0xe
8274,0xe
8284,0xd
8292,0xd
8301,0xa
8310,0xa
8319,0xb
8328,0xb
8337,0xc
8347,0xc
8355,0x55e1cacfba80
8364,0x55e1cacfbaa0
8373,0x55e1cacfbaa0
8384,0x55e1cacfba80
8410,0xf
8429,0xf
8438,0x10
8448,0x10
8458,0x10
8467,0x10
8476,0xf
8485,0xf
8494,0x55e1cacfbaa0
8503,0x55e1cacfba80
8513,0x55e1cacfba80
8522,0x55e1cacfbaa0
8531,0x10
8541,0x10
8550,0xf
8559,0xf
8568,0x11
8578,0x11
8587,0x11
8597,0x11
8607,0x10
8616,0x10
8625,0xf
8635,0xf
8644,0x55e1cacfba80
8653,0x55e1cacfbaa0
8662,0x55e1cacfbaa0
8671,0x55e1cacfba80
8680,0x12
8689,0x12
8698,0x13
8707,0x13
8716,0x13
8725,0x13
8734,0x12
8742,0x12
8752,0x55e1cacfbaa0
8761,0x55e1cacfba80
8770,0x55e1cacfba80
8779,0x55e1cacfbaa0
8788,0x11
8797,0x11
8806,0x10
8815,0x10
8824,0xf
8832,0xf
8841,0x13
8850,0x13
8859,0x12
8868,0x12
8877,0x13
8885,0x13
8894,0x11
8904,0x11
8913,0x10
8921,0x10
8930,0xf
8939,0xf
8948,0x12
8957,0x12
8966,0x55e1cacfba80
8975,0x55e1cacfbaa0
8984,0x55e1cacfbaa0
8994,0x55e1cacfba80
9003,0xe
9012,0xe
9021,0xd
9031,0xd
9040,0xa
9049,0xa
9058,0xb
9068,0xb
9077,0xc
9086,0xc
9095,0x13
9104,0x13
9113,0x11
9122,0x11
9130,0x10
9139,0x10
9148,0xf
9157,0xf
9166,0x12
9175,0x12
9184,0x13
9193,0x13
9202,0xe
9211,0xe
9219,0xd
9228,0xd
9236,0x11
9245,0x11
9254,0x10
9263,0x10
9271,0xf
9280,0xf
9288,0x12
9297,0x12
9306,0xa
9316,0xa
9325,0xb
9334,0xb
9343,0xc
9352,0xc
9361,0x55e1cacfbaa0
9370,0x55e1cacfba80
9379,0x55e1cacfbac0
9388,0x55e1cacfbaf0
9397,0x3
9407,0x3
9416,(nil)
9425,(nil)
9434,0x8
9443,0x8
9453,0x6
9462,0x6
9471,0x2
9481,0x2
9490,0x7
9499,0x7
9508,0x9
9517,0x9
9527,0x5
9536,0x5
9545,0x4
9554,0x4
9564,0x1
9580,0x1
9590,0x13
9599,0x13
9608,0xe
9617,0xe
9628,0xd
9637,0xd
9647,0x11
9656,0x11
9665,0x10
9674,0x10
9682,0xf
9691,0xf
9700,0x12
9709,0x12
9719,0xa
9727,0xa
9737,0xb
9747,0xb
9756,0xc
9765,0xc
9774,0x3
9784,0x3
9793,(nil)
9801,(nil)
9810,0x13
9819,0x13
9828,0x8
9836,0x8
9845,0xe
9854,0xe
9862,0x6
9871,0x6
9880,0x2
9888,0x2
9897,0xd
9906,0xd
9915,0x11
9924,0x11
9933,0x7
9941,0x7
9951,0x10
9962,0x10
9971,0xf
9980,0xf
9989,0x9
9998,0x9
10007,0x12
10016,0x12
10025,0xa
10035,0xa
10045,0x5
10055,0x5
10064,0x4
10073,0x4
10082,0xb
10091,0xb
10100,0x1
10109,0x1
10118,0xc
10127,0xc
10135,0x55e1cacfbac0
10145,0x55e1cacfbaf0
10209,0x55e1cacfbb20
10229,0x55e1cacfba80
10238,0x55e1cacfbaa0
10247,(nil)
10257,(nil)
10267,0x1
10276,0x1
10285,0x1
10294,0x1
10304,(nil)
10313,(nil)
10322,0x55e1cacfba80
10331,0x55e1cacfbaa0
10339,0x55e1cacfbaa0
10349,0x55e1cacfba80
10358,0x1
10366,0x1
10376,(nil)
10384,(nil)
10394,0x2
10404,0x2
10413,0x2
10422,0x2
10432,0x1
10442,0x1
10451,(nil)
10460,(nil)
10469,0x55e1cacfbaa0
10478,0x55e1cacfba80
10487,0x55e1cacfba80
10497,0x55e1cacfbaa0
10506,0x3
10514,0x3
10524,0x4
10532,0x4
10542,0x55e1cacfba80
10551,0x55e1cacfbaa0
10560,0x55e1cacfbaa0
10570,0x55e1cacfba80
10578,0x2
10588,0x2
10598,0x1
10607,0x1
10617,(nil)
10626,(nil)
10634,0x3
10644,0x3
10653,0x4
10662,0x4
10671,0x2
10681,0x2
10690,0x1
10700,0x1
10709,0x3
10719,0x3
10729,(nil)
10738,(nil)
10748,0x4
10756,0x4
10766,0x55e1cacfbaa0
10776,0x55e1cacfba80
10786,0x55e1cacfba80
10795,0x55e1cacfbaa0
10804,0x5
10815,0x5
10824,0x6
10833,0x6
10842,0x6
10851,0x6
10859,0x5
10868,0x5
10878,0x55e1cacfba80
10886,0x55e1cacfbaa0
10895,0x55e1cacfbaa0
10904,0x55e1cacfba80
10913,0x6
10922,0x6
10932,0x5
10941,0x5
10950,0x7
10959,0x7
10969,0x7
10978,0x7
10987,0x6
10997,0x6
11006,0x5
11015,0x5
11025,0x55e1cacfbaa0
11035,0x55e1cacfba80
11044,0x55e1cacfba80
11054,0x55e1cacfbaa0
11063,0x8
11072,0x8
11082,0x9
11091,0x9
11100,0x55e1cacfba80
11110,0x55e1cacfbaa0
11119,0x55e1cacfbaa0
11130,0x55e1cacfba80
11142,0x7
11151,0x7
11162,0x6
11171,0x6
11180,0x5
11189,0x5
11198,0x8
11208,0x8
11218,0x9
11228,0x9
11237,0x55e1cacfbaa0
11246,0x55e1cacfba80
11255,0x55e1cacfba80
11264,0x55e1cacfbaa0
11273,0x2
11283,0x2
11291,0x1
11300,0x1
11309,0x3
11318,0x3
11327,(nil)
11337,(nil)
11347,0x4
11356,0x4
11366,0x7
11376,0x7
11385,0x6
11394,0x6
11403,0x5
11412,0x5
11421,0x8
11430,0x8
11440,0x9
11449,0x9
11459,0x7
11467,0x7
11477,0x6
11486,0x6
11495,0x2
11503,0x2
11513,0x1
11521,0x1
11530,0x5
11539,0x5
11548,0x3
11557,0x3
11565,(nil)
11574,(nil)
11583,0x8
11592,0x8
11601,0x4
11610,0x4
11620,0x9
11629,0x9
11638,0x55e1cacfba80
11647,0x55e1cacfbaa0
11656,0x55e1cacfbaa0
11665,0x55e1cacfba80
11675,0xa
11686,0xa
11695,0xb
11704,0xb
11713,0xb
11723,0xb
11733,0xa
11742,0xa
11752,0x55e1cacfbaa0
11761,0x55e1cacfba80
11770,0x55e1cacfba80
11779,0x55e1cacfbaa0
11789,0xb
11799,0xb
11808,0xa
11817,0xa
11827,0xc
11836,0xc
11846,0xb
11855,0xb
11864,0xc
11873,0xc
11882,0xa
11892,0xa
11901,0x55e1cacfba80
11910,0x55e1cacfbaa0
11919,0x55e1cacfbaa0
11928,0x55e1cacfba80
11938,0xd
11947,0xd
11956,0xe
11965,0xe
11974,0xe
11984,0xe
11993,0xd
12002,0xd
12011,0x55e1cacfbaa0
12020,0x55e1cacfba80
12029,0x55e1cacfba80
12038,0x55e1cacfbaa0
12047,0xb
12057,0xb
12067,0xc
12077,0xc
12086,0xa
12095,0xa
12104,0xe
12113,0xe
12123,0xd
12132,0xd
12142,0xe
12151,0xe
12162,0xd
12172,0xd
12181,0xb
12190,0xb
12199,0xc
12208,0xc
12218,0xa
12227,0xa
12236,0x55e1cacfba80
12246,0x55e1cacfbaa0
12256,0x55e1cacfbaa0
12265,0x55e1cacfba80
12276,0xf
12285,0xf
12294,0x10
12303,0x10
12313,0x10
12322,0x10
12331,0xf
12340,0xf
12350,0x55e1cacfbaa0
12360,0x55e1cacfba80
12369,0x55e1cacfba80
12379,0x55e1cacfbaa0
12388,0x10
12397,0x10
12406,0xf
12420,0xf
12432,0x11
12442,0x11
12453,0x11
12462,0x11
12471,0x10
12482,0x10
12492,0xf
12501,0xf
12510,0x55e1cacfba80
12519,0x55e1cacfbaa0
12528,0x55e1cacfbaa0
12537,0x55e1cacfba80
12547,0x12
12557,0x12
12568,0x13
12577,0x13
12587,0x13
12597,0x13
12607,0x12
12616,0x12
12626,0x55e1cacfbaa0
12636,0x55e1cacfba80
12647,0x55e1cacfba80
12657,0x55e1cacfbaa0
12668,0x11
12678,0x11
12689,0x10
12698,0x10
12708,0xf
12718,0xf
12727,0x13
12744,0x13
12755,0x12
12764,0x12
12775,0x11
12784,0x11
12793,0x10
12802,0x10
12812,0x13
12821,0x13
12830,0x12
12840,0x12
12849,0xf
12858,0xf
12867,0x55e1cacfba80
12876,0x55e1cacfbaa0
12886,0x55e1cacfbaa0
12896,0x55e1cacfba80
12905,0xe
12915,0xe
12925,0xd
12934,0xd
12944,0xb
12953,0xb
12963,0xc
12973,0xc
12982,0xa
12991,0xa
13002,0x11
13012,0x11
13021,0x10
13030,0x10
13041,0x13
13051,0x13
13062,0x12
13072,0x12
13081,0xf
13091,0xf
13100,0xe
13110,0xe
13120,0xd
13129,0xd
13139,0xb
13148,0xb
13158,0x11
13167,0x11
13176,0xc
13186,0xc
13197,0x10
13207,0x10
13217,0x13
13226,0x13
13236,0x12
13246,0x12
13255,0xa
13265,0xa
13274,0xf
13284,0xf
13294,0x55e1cacfbaa0
13304,0x55e1cacfba80
13313,0x55e1cacfbaf0
13323,0x55e1cacfbac0
13332,0x7
13341,0x7
13350,0x6
13359,0x6
13367,0x2
13377,0x2
13386,0x1
13395,0x1
13404,0x5
13413,0x5
13422,0x3
13431,0x3
13441,(nil)
13450,(nil)
13461,0x8
13470,0x8
13479,0x4
13488,0x4
13499,0x9
13508,0x9
13517,0xe
13527,0xe
13536,0xd
13545,0xd
13555,0xb
13564,0xb
13575,0x11
13585,0x11
13596,0xc
13606,0xc
13616,0x10
13625,0x10
13635,0x13
13645,0x13
13654,0x12
13663,0x12
13672,0xa
13683,0xa
13694,0xf
13703,0xf
13714,0xe
13723,0xe
13731,0x7
13742,0x7
13751,0xd
13760,0xd
13771,0xb
13782,0xb
13792,0x6
13801,0x6
13811,0x2
13821,0x2
13831,0x1
13840,0x1
13850,0x11
13859,0x11
13869,0x5
13879,0x5
13889,0x3
13897,0x3
13906,(nil)
13916,(nil)
13925,0xc
13934,0xc
13943,0x10
13954,0x10
13963,0x8
13972,0x8
13982,0x4
13992,0x4
14003,0x13
14012,0x13
14022,0x12
14032,0x12
14042,0x9
14052,0x9
14063,0xa
14073,0xa
14082,0xf
14093,0xf
14102,0x55e1cacfbaf0
14111,0x55e1cacfbac0
14213,0x55e1cacfbb80
14235,0x55e1cacfba80
14244,0x55e1cacfbaa0
14256,(nil)
14267,(nil)
14276,0x1
14286,0x1
14295,0x55e1cacfba80
14304,0x55e1cacfbaa0
14314,0x55e1cacfbaa0
14323,0x55e1cacfba80
14332,(nil)
14341,(nil)
14350,0x1
14359,0x1
14368,0x2
14377,0x2
14387,(nil)
14396,(nil)
14405,0x2
14414,0x2
14424,0x1
14433,0x1
14442,0x55e1cacfbaa0
14451,0x55e1cacfba80
14461,0x55e1cacfba80
14470,0x55e1cacfbaa0
14479,0x3
14489,0x3
14499,0x4
14508,0x4
14519,0x4
14529,0x4
14538,0x3
14546,0x3
14555,0x55e1cacfba80
14564,0x55e1cacfbaa0
14574,0x55e1cacfbaa0
14583,0x55e1cacfba80
14592,(nil)
14601,(nil)
14610,0x2
14619,0x2
14627,0x1
14636,0x1
14645,0x4
14656,0x4
14664,0x3
14673,0x3
14682,0x4
14691,0x4
14700,(nil)
14708,(nil)
14717,0x2
14726,0x2
14735,0x1
14743,0x1
14752,0x3
14761,0x3
14770,0x55e1cacfbaa0
14779,0x55e1cacfba80
14788,0x55e1cacfba80
14799,0x55e1cacfbaa0
14808,0x5
14817,0x5
14826,0x6
14835,0x6
14847,0x55e1cacfba80
14857,0x55e1cacfbaa0
14866,0x55e1cacfbaa0
14875,0x55e1cacfba80
14884,0x5
14893,0x5
14902,0x6
14911,0x6
14920,0x7
14929,0x7
14938,0x55e1cacfbaa0
14948,0x55e1cacfba80
14957,0x55e1cacfba80
14966,0x55e1cacfbaa0
14974,0x8
14983,0x8
14992,0x9
15001,0x9
15010,0x55e1cacfba80
15020,0x55e1cacfbaa0
15029,0x55e1cacfbaa0
15038,0x55e1cacfba80
15048,0x5
15057,0x5
15067,0x6
15076,0x6
15085,0x7
15095,0x7
15104,0x8
15113,0x8
15121,0x9
15130,0x9
15139,0x5
15148,0x5
15157,0x6
15166,0x6
15175,0x8
15184,0x8
15193,0x7
15202,0x7
15211,0x9
15220,0x9
15229,0x55e1cacfbaa0
15239,0x55e1cacfba80
15248,0x55e1cacfba80
15257,0x55e1cacfbaa0
15266,0x4
15275,0x4
15284,(nil)
15293,(nil)
15303,0x2
15312,0x2
15322,0x1
15330,0x1
15339,0x3
15348,0x3
15357,0x5
15367,0x5
15375,0x6
15385,0x6
15395,0x8
15404,0x8
15413,0x7
15422,0x7
15431,0x9
15440,0x9
15449,0x5
15458,0x5
15467,0x4
15477,0x4
15486,0x6
15495,0x6
15504,0x8
15513,0x8
15522,(nil)
15532,(nil)
15541,0x7
15550,0x7
15558,0x2
15567,0x2
15576,0x1
15585,0x1
15593,0x9
15602,0x9
15611,0x3
15620,0x3
15629,0x55e1cacfba80
15638,0x55e1cacfbaa0
15647,0x55e1cacfbaa0
15655,0x55e1cacfba80
15664,0xa
15674,0xa
15683,0xb
15692,0xb
15701,0x55e1cacfbaa0
15710,0x55e1cacfba80
15719,0x55e1cacfba80
15727,0x55e1cacfbaa0
15736,0xa
15745,0xa
15754,0xb
15762,0xb
15771,0xc
15780,0xc
15788,0xc
15797,0xc
15806,0xa
15816,0xa
15825,0xb
15834,0xb
15843,0x55e1cacfba80
15852,0x55e1cacfbaa0
15861,0x55e1cacfbaa0
15870,0x55e1cacfba80
15879,0xd
15888,0xd
15897,0xe
15906,0xe
15916,0x55e1cacfbaa0
15925,0x55e1cacfba80
15934,0x55e1cacfba80
15943,0x55e1cacfbaa0
15952,0xc
15962,0xc
15977,0xa
15986,0xa
15995,0xb
16003,0xb
16013,0xd
16021,0xd
16030,0xe
16039,0xe
16048,0xc
16057,0xc
16067,0xa
16075,0xa
16084,0xd
16093,0xd
16103,0xe
16112,0xe
16121,0xb
16130,0xb
16139,0x55e1cacfba80
16148,0x55e1cacfbaa0
16157,0x55e1cacfbaa0
16166,0x55e1cacfba80
16175,0xf
16184,0xf
16193,0x10
16202,0x10
16211,0x10
16227,0x10
16238,0xf
16247,0xf
16256,0x55e1cacfbaa0
16266,0x55e1cacfba80
16275,0x55e1cacfba80
16284,0x55e1cacfbaa0
16293,0x10
16302,0x10
16311,0xf
16320,0xf
16329,0x11
16338,0x11
16346,0x55e1cacfba80
16355,0x55e1cacfbaa0
16364,0x55e1cacfbaa0
16373,0x55e1cacfba80
16382,0x12
16391,0x12
16399,0x13
16409,0x13
16418,0x13
16426,0x13
16435,0x12
16444,0x12
16453,0x55e1cacfbaa0
16461,0x55e1cacfba80
16470,0x55e1cacfba80
16479,0x55e1cacfbaa0
16488,0x10
16496,0x10
16505,0xf
16514,0xf
16523,0x11
16531,0x11
16540,0x13
16550,0x13
16558,0x12
16567,0x12
16576,0x13
16586,0x13
16595,0x10
16604,0x10
16613,0x12
16623,0x12
16632,0xf
16641,0xf
16650,0x11
16659,0x11
16668,0x55e1cacfba80
16677,0x55e1cacfbaa0
16687,0x55e1cacfbaa0
16697,0x55e1cacfba80
16706,0xc
16715,0xc
16724,0xa
16732,0xa
16741,0xd
16750,0xd
16758,0xe
16767,0xe
16776,0xb
16786,0xb
16795,0x13
16803,0x13
16812,0x10
16821,0x10
16830,0x12
16840,0x12
16849,0xf
16857,0xf
16866,0x11
16875,0x11
16884,0xc
16892,0xc
16901,0xa
16910,0xa
16919,0xd
16927,0xd
16937,0x13
16946,0x13
16955,0x10
16964,0x10
16973,0x12
16983,0x12
16992,0xf
17001,0xf
17010,0xe
17019,0xe
17028,0x11
17037,0x11
17046,0xb
17054,0xb
17063,0x55e1cacfbaa0
17072,0x55e1cacfba80
17081,0x55e1cacfbac0
17090,0x55e1cacfbaf0
17099,0x5
17108,0x5
17117,0x4
17128,0x4
17136,0x6
17145,0x6
17154,0x8
17162,0x8
17171,(nil)
17180,(nil)
17189,0x7
17197,0x7
17206,0x2
17215,0x2
17224,0x1
17233,0x1
17242,0x9
17251,0x9
17260,0x3
17270,0x3
17278,0xc
17288,0xc
17296,0xa
17305,0xa
17314,0xd
17322,0xd
17331,0x13
17340,0x13
17348,0x10
17357,0x10
17366,0x12
17374,0x12
17383,0xf
17391,0xf
17400,0xe
17410,0xe
17419,0x11
17427,0x11
17436,0xb
17445,0xb
17453,0xc
17462,0xc
17471,0x5
17479,0x5
17488,0x4
17497,0x4
17505,0x6
17514,0x6
17523,0xa
17531,0xa
17540,0x8
17550,0x8
17558,(nil)
17567,(nil)
17576,0x7
17584,0x7
17593,0x2
17602,0x2
17610,0xd
17619,0xd
17628,0x13
17637,0x13
17646,0x10
17655,0x10
17664,0x1
17674,0x1
17682,0x12
17692,0x12
17701,0xf
17711,0xf
17720,0x9
17729,0x9
17737,0xe
17746,0xe
17755,0x3
17763,0x3
17772,0x11
17781,0x11
17790,0xb
17799,0xb
17809,0x55e1cacfbac0
17817,0x55e1cacfbaf0
17881,0x55e1cacfbbe0
18614,0x55e1cacfbc40
19329,0x55e1cacfbca0
20074,0x55e1cacfe5f0
20102,0x55e1cacfe6a0
20128,0x55e1cacfe750
20155,0x55e1cacfe800
20181,0x55e1cacfbbe0
20217,0x55e1cacfbc40
20245,0x55e1cacfbca0
20274,0x55e1cacfb4c0
20301,0x55e1cacfb2a0
