426,0x5640211582a0
596,0x5640211584c0
627,0x5640211584f0
655,0x5640211584f0
664,0x9
674,0x13
705,0x13
715,0x9
724,0x13
747,0x1
757,0x13
774,0x13
783,0x1
807,0x2
817,0x3
826,0x3
835,0x2
844,0x5640211584f0
854,(nil)
863,0x3
872,0x3
881,(nil)
891,0x13
907,(nil)
945,(nil)
955,0x13
964,(nil)
974,(nil)
983,(nil)
992,(nil)
1001,(nil)
1015,0x5640211584f0
1025,0x3
1035,0x3
1044,0x3
1053,0x3
1063,0x3
1074,0x5640211584f0
1083,0xb
1094,0x9
1103,0x9
1112,0xb
1122,0x9
1132,0x4
1141,0x11
1150,0x11
1160,0x4
1169,0x5
1178,0x10
1188,0x10
1197,0x5
1206,0x1
1216,0xf
1225,0xf
1235,0x1
1244,0xa
1254,0xe
1263,0xe
1272,0xa
1282,0x9
1291,0xd
1301,0xd
1310,0x9
1319,0x5640211584f0
1329,0x7
1338,0xd
1347,0xd
1357,0x7
1366,0xd
1376,0x11
1385,0xe
1394,0xe
1403,0x11
1413,0x10
1423,0x8
1432,0x8
1443,0x10
1452,0xd
1461,0xd
1471,0xd
1487,0xd
1511,0x5640211584f0
1525,0x2
1535,0x8
1545,0x8
1555,0x2
1564,0x2
1574,0x2
1584,0x6
1593,0x6
1603,0x2
1612,0x5640211584f0
1622,0xe
1632,0xe
1642,0xe
1651,0xe
1661,0xe
1670,0x5640211584f0
1680,0x8
1689,0x8
1699,0x8
1708,0x8
1718,0x8
1728,0x5640211584f0
1737,0x2
1747,0x2
1756,0x2
1766,0x2
1775,0x2
1785,0x5640211584f0
1850,0x10
1868,0x7
1884,0x7
1895,0x10
1904,0xf
1913,0x10
1923,0x10
1943,0xf
1953,0x10
1962,0x10
1989,0x11
1999,0x11
2009,0x10
2028,0x5640211584f0
2052,0x7
2064,0x11
2073,0x11
2082,0x7
2091,0x11
2101,0x11
2110,0x11
2120,0x11
2129,0x11
2138,0x5640211584f0
2147,0x10
2156,0x10
2165,0x10
2174,0x10
2183,0x10
2192,0x5640211584f0
2201,0xc
2211,0x1
2220,0x1
2229,0xc
2238,0x1
2247,0xb
2257,0xb
2266,0x1
2275,0xc
2285,0x1
2294,0x1
2303,0xc
2312,0x1
2322,0x1
2332,0x12
2341,0x12
2350,0x1
2359,0x5640211584f0
2369,0xb
2378,0xa
2387,0xa
2397,0xb
2406,0xb
2415,0x4
2425,0x4
2434,0xb
2443,0x4
2452,0x4
2461,0x5
2470,0x5
2480,0x4
2489,0x5640211584f0
2500,0xa
2509,0x9
2518,0x9
2527,0xa
2537,0xa
2546,0x12
2555,0x12
2565,0xa
2574,0x12
2584,0x12
2593,0x12
2602,0x12
2611,0x12
2621,0x5640211584f0
2630,0x9
2639,0x9
2649,0x9
2659,0x9
2668,0x9
2678,0x5640211584f0
2687,0x5
2696,0xa
2705,0xa
2714,0x5
2723,0xa
2732,0xa
2741,0xa
2750,0xa
2759,0xa
2769,0x5640211584f0
2778,0x4
2787,0x4
2797,0x4
2806,0x4
2816,0x4
2825,0x5640211584f0
2835,0x1
2844,0x1
2854,0x1
2863,0x1
2873,0x1
2943,0x564021158960
2978,0x564021158960
2987,0x9
2997,0x13
3006,0x13
3015,0x9
3024,0x13
3034,0x13
3043,0x11
3052,0x11
3062,0x13
3071,0xa
3081,0x10
3091,0x10
3100,0xa
3110,0x564021158960
3120,(nil)
3130,0x7
3140,0x7
3149,(nil)
3159,0x7
3168,0xe
3177,0xe
3186,0x7
3196,(nil)
3205,0x7
3216,0x7
3226,(nil)
3236,0x7
3259,0x1
3269,0x7
3279,0x7
3288,0x1
3299,0x564021158960
3308,0xe
3317,0xe
3326,0xe
3335,0xe
3345,0xe
3354,0x564021158960
3364,0x8
3373,(nil)
3383,(nil)
3392,0x8
3401,(nil)
3412,0x4
3421,0xd
3430,0xd
3453,0x4
3462,(nil)
3482,0xb
3498,0xb
3516,(nil)
3526,0x564021158960
3535,0x5
3545,0x11
3555,0x11
3564,0x5
3573,0x11
3583,0x3
3593,0xb
3602,0xb
3611,0x3
3621,0x11
3630,0x1
3647,0x1
3666,0x11
3676,0x564021158960
3686,0x2
3695,0xd
3704,0xd
3714,0x2
3723,0x2
3732,0x6
3750,0x6
3759,0x2
3769,0x6
3778,0x6
3788,0x6
3797,0x6
3807,0x6
3824,0x564021158960
3833,0xb
3842,0xb
3852,0xb
3867,0xb
3877,0xb
3886,0x564021158960
3895,0xd
3905,0xd
3914,0xd
3923,0xd
3933,0xd
3944,0x564021158960
3953,0x1
3963,0x2
3973,0x2
3982,0x1
3992,0x2
4002,0x2
4012,0x2
4022,0x2
4031,0x2
4041,0x564021158960
4051,0x3
4060,0x5
4070,0x5
4080,0x3
4090,0x5
4099,0x5
4109,0x5
4119,0x5
4129,0x5
4139,0x564021158960
4149,0x11
4159,0x11
4168,0x11
4178,0x11
4187,0x11
4197,0x564021158960
4206,0x10
4215,0xc
4224,0xc
4234,0x10
4244,0x10
4253,0x10
4262,0x10
4272,0x10
4282,0x10
4291,0x564021158960
4302,0xc
4311,(nil)
4321,(nil)
4349,0xc
4359,0xc
4368,0xc
4378,0xc
4387,0xc
4396,0xc
4406,0x564021158960
4415,(nil)
4425,(nil)
4435,(nil)
4445,(nil)
4455,(nil)
4464,0x564021158960
4474,0x4
4483,0x8
4493,0x8
4503,0x4
4512,0x8
4522,0x8
4531,0x8
4542,0x8
4551,0x8
4561,0x564021158960
4570,0xf
4580,0x13
4589,0x13
4599,0xf
4608,0xf
4617,0x9
4627,0x9
4637,0xf
4646,0x9
4655,0xa
4666,0x12
4676,0x12
4685,0xa
4694,0x9
4704,0x9
4713,0x9
4722,0x9
4732,0x564021158960
4741,0x12
4750,0x12
4760,0x12
4771,0x12
4781,0x12
4790,0x564021158960
4800,0x13
4819,0x13
4829,0x13
4839,0x13
4848,0x13
4858,0x564021158960
4868,0xa
4878,0xa
4887,0xa
4897,0xa
4907,0xa
4992,0x5640211589c0
5027,0x5640211589c0
5037,0x9
5046,0x13
5055,0x13
5065,0x9
5074,0x13
5084,0x1
5093,0xd
5102,0xd
5112,0x1
5123,0x3
5132,0xc
5141,0xc
5150,0x3
5160,0x13
5170,0xa
5179,0xa
5189,0x13
5198,0x5640211589c0
5207,(nil)
5217,0x4
5226,0x4
5235,(nil)
5244,(nil)
5254,0xa
5263,0xa
5273,(nil)
5283,0xa
5292,0xd
5301,0x6
5310,0x6
5319,0xd
5329,0x2
5338,0x5
5348,0x5
5357,0x2
5366,0xa
5375,0xa
5384,0xa
5393,0xa
5402,0x5640211589c0
5412,0x4
5421,0x5
5432,0x5
5441,0x4
5451,0x4
5461,0x6
5471,0xc
5481,0xc
5490,0x6
5500,0x4
5510,0x4
5519,0x4
5528,0x4
5538,0x5640211589c0
5547,0x5
5557,0xc
5567,0xc
5577,0x5
5586,0x5
5596,0x5
5609,0x5
5618,0x5
5628,0x5
5637,0x5640211589c0
5647,0xc
5656,0xc
5665,0xc
5674,0xc
5684,0xc
5693,0x5640211589c0
5703,0x6
5713,0x6
5722,0x6
5731,0x6
5740,0x6
5749,0x5640211589c0
5759,0x2
5768,0x7
5777,0x7
5787,0x2
5796,0x7
5807,(nil)
5816,(nil)
5826,0x7
5835,0x2
5844,0x7
5853,0x7
5863,0x2
5872,0x7
5882,0xd
5893,0x8
5902,0x8
5912,0xd
5922,0x7
5931,0x7
5941,0x7
5951,0x7
5960,0x5640211589c0
5970,(nil)
5980,0x8
5991,0x8
6001,(nil)
6016,(nil)
6028,(nil)
6038,(nil)
6048,(nil)
6057,(nil)
6067,0x5640211589c0
6076,0x8
6086,0x8
6095,0x8
6104,0x8
6113,0x8
6122,0x5640211589c0
6132,0xd
6142,0x2
6151,0x2
6161,0xd
6170,0x2
6179,0x2
6188,0x2
6197,0x2
6207,0x2
6216,0x5640211589c0
6226,0xe
6235,0x9
6244,0x9
6253,0xe
6262,0x9
6272,0xb
6281,0x12
6290,0x12
6300,0xb
6309,0x3
6318,0x10
6327,0x10
6337,0x3
6346,0x9
6356,0xf
6365,0xf
6374,0x9
6384,0x5640211589c0
6393,0x10
6402,0x12
6412,0x10
6421,0x10
6431,0x12
6440,0x5640211589c0
6450,0x13
6460,0x13
6468,0x13
6478,0x13
6487,0x13
6496,0x5640211589c0
6505,0x12
6515,0x1
6524,0x1
6534,0x12
6543,0x12
6552,0x12
6561,0x12
6570,0x12
6580,0x12
6589,0x5640211589c0
6598,0x1
6608,0x1
6617,0x1
6626,0x1
6635,0x1
6645,0x5640211589c0
6654,0x11
6663,0xe
6672,0xe
6681,0x11
6690,0xe
6699,0x3
6708,0xe
6717,0xe
6726,0x3
6736,0x5640211589c0
6745,0x9
6754,0x9
6764,0x9
6773,0x9
6782,0x9
6792,0x5640211589c0
6801,0xb
6811,0x11
6820,0x11
6859,0xb
6870,0x11
6880,0x11
6895,0x11
6905,0x11
6915,0x11
6924,0x5640211589c0
6933,0x3
6943,0x3
6952,0x3
6962,0x3
6971,0x3
7034,0x564021158a20
11154,0x564021158b20
15256,0x564021158b80
19149,0x564021158be0
19913,0x564021158c40
20613,0x564021158ca0
21349,0x56402115b5f0
21379,0x56402115b6a0
21406,0x56402115b750
21435,0x56402115b800
21463,0x564021158be0
21490,0x564021158c40
21519,0x564021158ca0
21546,0x5640211584c0
21573,0x5640211582a0
